noDay,locationID,arrivalTime,duration,spendMoney,transportID
1.0,1719.0,5.98,0.9700000000000006,16000.000001,1.0
1.0,345.0,9.687625,0.3400000000000001,100.000001,4.0
1.0,2087.0,10.461265000000001,0.5499999999999998,500.000001,1.0
1.0,1118.0,11.085265000000001,1.7900000000000014,0.0,4.0
1.0,2055.0,13.186640000000002,1.9700000000000004,500.000001,4.0
1.0,2099.0,15.504765000000003,1.0000000000000002,500.000001,4.0
1.0,1225.0,16.899845000000003,2.6299999999999937,10000.0,1.0
1.0,1719.0,21.0,21.0,21.0,1.0
