noDay,locationID,arrivalTime,duration,spendMoney,transportID
1.0,345.0,9.5,0.54,0.0,1.0
1.0,2059.0,10.6642,0.7500000000000002,0.0,2.0
1.0,2074.0,11.5899,0.40000000000000013,2000.000001,1.0
1.0,1627.0,12.862260000000001,1.0000000000000009,300.000001,1.0
1.0,2119.0,19.546760000000003,0.9900000000000008,150.000001,4.0
1.0,2048.0,20.556060000000006,1.330000000000001,5000.000001,1.0
1.0,1746.0,21.904360000000008,0.8900000000000002,16000.0,1.0
1.0,345.0,21.0,21.0,21.0,1.0
