noDay,locationID,arrivalTime,duration,spendMoney,transportID
1.0,784.0,5.989999999999979,0.97,20999.999991,1.0
1.0,345.0,9.697624999999979,0.3400000000000001,499.999991,4.0
1.0,2087.0,10.47126499999998,0.5400000000000003,1499.9999910000001,1.0
1.0,1118.0,11.08526499999998,1.7900000000000007,0.0,4.0
1.0,2055.0,13.186639999999981,1.9700000000000009,1999.9999910000001,4.0
1.0,2099.0,15.504764999999981,1.0,1499.9999910000001,4.0
1.0,1225.0,16.554384999999982,0.48000000000000026,120.000001,1.0
1.0,784.0,21.0,21.0,21.0,1.0
