noDay,locationID,arrivalTime,duration,spendMoney,transportID
1.0,345.0,9.509999999999998,0.5400000000000003,0.0,1.0
1.0,2059.0,10.674199999999999,0.7500000000000006,0.0,2.0
1.0,2074.0,11.5999,0.4000000000000001,2000.000001,1.0
1.0,1627.0,12.87226,1.0099999999999996,300.000001,1.0
1.0,2119.0,19.566760000000002,0.9900000000000008,150.000001,4.0
1.0,2048.0,20.576060000000005,1.3399999999999999,5000.000001,1.0
1.0,1746.0,21.934360000000005,0.8900000000000005,16000.000001,1.0
1.0,345.0,21.0,21.0,21.0,1.0
